id	time	text	tags
792980174648344577	1477896181000	Návštěva dalajlamy na Foru 2000 [...] s sebou přinesla jeden detail: platil ji Antonín Koláček, kterého před dvěma roky švýčaský soud [...] https://t.co/2yeXJzOEGN	antonin kolacek,dalajlama,forum2000
792778138820415488	1477848012000	V úterý na TK jsem tlumočil stanovisko prezidenta republiky. Bude velmi dobře, když se s ním p. min. vnitra seznámí- https://t.co/f9QHlLvpOo	milan chovanec,opozice,cssd
792776357306654721	1477847587000	Slavnostní dekorování zasloužilých osobností na Pražském hradě rukou prezidenta Zemana bylo důstojné: https://t.co/oSpmDbgN1d	opozice
792759222643613697	1477843502000	Pan ministr vnitra a pan Gazdík mi svorně přisuzují moc přímo nadlidskou. Takovému nižšímu státnímu úředníkovi... https://t.co/IGbxQmpfhN	petr gazdik,top09,jiri ovcacek,opozice
792691009008304128	1477827238000	https://t.co/9JweauZPfC	opozice
792689580738809856	1477826898000	Bez komentáře. https://t.co/ej5vrfXmsU	opozice,media
792405874241335296	1477759257000	Angažovaným tvůrcům doporučím další námět. Nějakou pěknou satirku na téma Bakala, miliardy a OKD. https://t.co/ykwsAsK6tG	zdenek bakala,umelci,mestske divadlo ve zline,opozice
792374709857951744	1477751827000	Pan prezident v projevu 28.10. připomněl slova dr. E. Beneše pronesená po mnichovské zradě. Dobový tisk z 6.10.1938. https://t.co/4MJGLDeSVN	opozice
792337264479207424	1477742899000	Státní svátek 28.10. v kostce. Na Hradě důstojné oslavy, oceněny skvělé osobnosti. Na "Staromáku" kampaň Horáček-Gazdík a nenávistná zloba.	michal horacek,petr gazdik,opozice,top09
792082590836678656	1477682180000	Důstojné oslavy státního svátku 28.10. Společný snímek pana prezidenta s vyznamenanými osobnostmi a jejich blízkými. https://t.co/Zjyu4q4Lp5	opozice
792069132095283200	1477678971000	Vladislavský sál Hradu, projev pana prezidenta. Důstojně si připomeňme státní svátek 28.10. https://t.co/6AZAoEXt18	opozice
791982281091059717	1477658264000	Důstojné oslavy státního svátku 28.10. Společný snímek nově jmenovaných generálů s panem prezidentem. https://t.co/XK8H58asGF	opozice
791954283948183552	1477651589000	Důstojné oslavy státního svátku 28.10. Slavnostní přísaha vojáků Armády ČR. https://t.co/IRIsDBIx1Z	opozice
791949635413614592	1477650481000	Důstojné oslavy státního svátku 28.10. Za chvíli bude zahájena slavnostní přísaha vojáků Armády ČR. https://t.co/Lter5S0ScO	opozice
791941485750923264	1477648538000	Důstojné oslavy státního svátku 28.10. Pietní akt u Národního památníku na Vítkově. https://t.co/zuyotTNrOa	opozice
791905721298325505	1477640011000	Důstojné oslavy státního svátku 28.10. Zástupci prezidentské kanceláře uctili na Hradčanském náměstí památku TGM. https://t.co/rI22qZCgVC	opozice
791640107975573504	1477576684000	Čerstvé informace z důstojných oslav státního svátku naleznete také na FB stránce "28. říjen 2016 bez nenávisti": https://t.co/hPIPHnrwUD	opozice
791634319676739586	1477575304000	Důstojné oslavy státního svátku byly zahájeny. Pan prezident se tradičně setkal se členy diplomatického sboru. https://t.co/VcfUlI5O97	opozice
791576126216871936	1477561429000	Obviňování pana prezidenta kvůli kauze pořadu TV Prima je jen další lží Pražské kavárny, která místo pravdy a lásky šíří nenávist.	opozice,prazska kavarna,vaclav havel,media
791518385414762496	1477547663000	Protestní akci 28.10. spolupořádá agentura kandidáta na Hrad Horáčka. To nahrává tvrzení Hradu, že jde o kampaň: https://t.co/SlRU4Do9JJ	michal horacek,opozice
791270211521503233	1477488494000	Zásadní sdělení! Zveřejňuji e-mail, který jsem "zaslal" po setkání na slovenské ambasádě kolegovi. https://t.co/KrUxsVysy4	opozice,daniel herman,jiri brady,kdu-csl
791266450988294144	1477487597000	V těchto dnech je velmi užitečné znovu si přečíst něco o atmosféře za druhé republiky. https://t.co/SFjgwpjhDb	opozice
791235271689986049	1477480163000	Ministr Herman pokračuje v ostudě. Jako náhlý "důkaz" má posloužit podivný mail. Sám sobě svědkem: https://t.co/GmHSWuOL9Q	opozice,daniel herman,jiri brady,kdu-csl
791217439891681280	1477475912000	Překladový slovník Pražské kavárny. Občanská společnost = tzv. elita. Demokracie = vláda tzv. elity.	prazska kavarna,opozice
791213593467449344	1477474995000	Pražská kavárna soustavně pracuje na devastaci naší státnosti. Už zneuctila standartu prezidenta republiky, teď se pokouší zničit 28.10.	ztohoven,umelci,prazska kavarna,opozice
791204677882875905	1477472869000	Ukázka mediální lži. Žádný kompars nehledáme. Srovnávat akci ve Vladislavském sále s recepcí může jen hlupák: https://t.co/NIeaB8UHQb	barbora zpevackova,novinky.cz,pravo,borgis
791199580247433216	1477471654000	Fakta: Média se za roky 2014, 2015 a k 1.10. 2016 podle databáze zmínila o J. Bradym 4x (!). Šlo o zmínku, 2 blogy a rozh. s min. Hermanem.	daniel herman,jiri brady,media
790936349108994048	1477408895000	Staromák 28.10. bude nejen o zahájení prezidentské kampaně 3H. Bude též spojen s obřadem vyzvednutí Čtyřkoalice z politického hrobu.	opozice,michal horacek,petr gazdik,daniel herman,jiri brady,petr pithart
790873803614199809	1477393983000	Na "Staromáku" zahájí kampaň. Na Hradě chystáme důstojnou oslavu státního svátku. Program naleznete zde: https://t.co/iELJqdiGI2	jiri brady,herman,kdu-csl,opozice,horacek,petr pithart,tomas halik
790867921639710721	1477392580000	Celá "aféra" kolem státního vyznamenání je založena na lži, že pan prezident pana Bradyho vyškrtl ze seznamu vyznamenaných.	jiri brady,herman,kdu-csl,opozice
790655346880765956	1477341899000	Státník nikdy neposlouchá hlas médií. Naslouchá normálním lidem. https://t.co/AqD7o6KkGk	media
790611983301304320	1477331560000	Zásadní slova dr. E. Beneše jsou dodnes živým slovem a kontrastem k agresivitě Pražské kavárny a 3H. https://t.co/tnFswiSF0W	prazska kavarna,opozice
790566298753306624	1477320668000	O tom, že 28.10. bude na "Staromáku" zahájena prezidentská kampaň 3H, nepochybuji. Státní svátek je jen kulisou. https://t.co/DNigB5tCuF	jiri brady,herman,kdu-csl,opozice,michal horacek,petr pithart,tomas halik
790554907145342976	1477317952000	Je mi smutno z faktu, že se pan Brady, který si zaslouží úctu, stal obětí politické hry min. Hermana. https://t.co/2M8vX3d2SK	jiri brady,herman,kdu-csl,opozice
790473351470997504	1477298507000	Sprostota, vyhrožování násilím. To je Pražská kavárna a její druhá republika: https://t.co/ckN4JZ7iaD	prazska kavarna,jan rejzek
790468932356407296	1477297454000	Min. Herman si rozhovor s panem prezidentem na slov. velvy. sám vyžádal. Nepočítal ovšem s tím, že budu přítomen a budu bedlivě naslouchat.	daniel herman,jiri brady,kdu-csl,opozice
790442483989766144	1477291148000	Ve státní svátek 28.10. bude v 18:30 na "Staromáku" oficiálně odstartována prezidentská kampaň 3H - Halík, Horáček, Herman.	tomas halik,michal horacek,herman,jiri brady,media
790437515572416512	1477289963000	Min. Herman si udělal ze svého strýce razicí štít, kterým si buduje své politické metro.	jiri brady,daniel herman,kdu-csl,opozice
790308889103372288	1477259297000	Jako za druhé republiky a v 50. letech. To je svět Pražské kavárny: https://t.co/bW5CI39yWN	prazska kavarna,druha republika,opozice
790277818563387392	1477251889000	25.10. v 11:30 hod. zazní na mé tiskové konferenci zásadní vyjádření pana prezidenta ke státnímu svátku 28.10. Nenávisti je třeba říci NE.	jiri brady,daniel herman,kdu-csl,opozice
790271906381344768	1477250479000	Jde o jednoznačné vyvrácení lži, že došlo k vyškrtnutí. Jsme proto rádi, že byla SMS příbuzným zveřejněna. https://t.co/KHu3pxhR3H	jiri brady,daniel herman,kdu-csl
790245255857729538	1477244125000	Zajímavý výsledek hlasování na webu tn.cz. https://t.co/5173q133zq	media,tn.cz,herman,jiri brady
790211340313001984	1477236039000	Hlas prezidenta republiky má být hlasem národa, nikoli hlasem médií - stále aktuální slova pana prezidenta pronesená 17.11.2015.	media
790134318362427392	1477217676000	Spustil jsem novou FB stránku k 28.10. Prosím všechny lidi dobré vůle o podporu v boji s nenávistí: https://t.co/LsBzTH9lkq	daniel herman,jiri brady,media,opozice
790120473975726080	1477214375000	Vzpomínáte, jak Václav Havel na poslední chvíli zrušil udělení nejvyššího státního vyznamenání Helmutu Zilkovi? https://t.co/JdMgnChFdg	helmut zilk,jiri brady,vaclav havel,daniel herman,opozice
790103110387728384	1477210235000	Kampaně bývají u nás špinavé. A tak v tradici 50. let "osobnosti" varují hosty před pomyslnou uličkou hanby, pokud půjdou 28.10. na Hrad.	daniel herman,opozice,kdu-csl,jiri brady
790096783976361984	1477208727000	Prezidentská kampaň M. Horáčka, s podporou P. Pitharta, D. Hermana, P. Gazdíka, T. Halíka, ČST Praha a HN bude zahájena 28.10. na Staromáku.	daniel herman,opozice,kdu-csl,jiri brady,petr pithart,petr gazdik,tomas halik,ceska televize,media,hn
789896701226065920	1477161023000	Pan prezident obdržel 586 žádostí o vyznamenání. 28.10. ocení zhruba 30 skvělých osobností. Kavárnu ale zajímá jen ministrova přízeň.	daniel herman,opozice,kdu-csl,jiri brady,prazska kavarna
789789424787881985	1477135447000	Pan prezident si nesmírně váží podpory občanů a děkuje jim. Pražskou kavárnou se otrávit nenechá. Jedeme dál!	prazska kavarna,opozice
789784537190502400	1477134281000	Pražská kavárna se děsí březnového rozhodnutí pana prezidenta. Jednoduché a jasné vysvětlení, proč nyní kampaň proti panu prezidentovi.	prazska kavarna,opozice
789781786272403456	1477133625000	Manifestace Pražské kavárny. Halík, Herman, Horáček, Pithart, neziskovky. Budou pánové promlouvat ze stejného balkonu jako Kléma?	tomas halik,herman,michal horacek,petr pithart,neziskovky,opozice
789754894290915328	1477127214000	Bez komentáře. https://t.co/08M0QbAccx	daniel herman,opozice,kdu-csl,jiri brady
789746013774966784	1477125097000	Min. Herman by si měl přestat hrát na oběť. Dožadoval se pozornosti. Na panu prezidentovi si vyžádal setkání, které se uskutečnilo 27.9.	daniel herman,opozice,kdu-csl,jiri brady
789736863762358272	1477122915000	Začneme min. Hermanovi po kapkách osvěžovat paměť. Už si vzpomíná, jak horečně bránil na slovenském velv. přijímání migrantů? O tom to bylo.	daniel herman,opozice,kdu-csl,jiri brady,migrace
789730731304034305	1477121453000	Už to chápu. Pro min. Hermana neznamená 28. říjen nic a proto se tento státní svátek rozhodl co nejvíce pošlapat svými zkazkami.	daniel herman,opozice,kdu-csl,jiri brady
789571878348263427	1477083579000	2/2 Od jisté doby si prostě dávám v případě ministra Hermana raději pozor a pozorně naslouchán tomu, o čem se mluví.	daniel herman,opozice,kdu-csl,jiri brady
789571605827649537	1477083515000	1/2 Ministr Herman se dnes dopustil hrubé chyby. Zapomněl na to, že jsem celý rozhovor na slovenském velvyslanectví slyšel. Žádné vydírání.	daniel herman,opozice,kdu-csl,jiri brady
789564832353779712	1477081900000	Někteří redaktoři ČT mě dnes přesvědčili, že pro Události, komentáře nemá opravdu valného smyslu se vyjadřovat. https://t.co/97KgHIrVfx	ceska televize,media,lukas dolansky,udalosti komentare
789562275162185728	1477081290000	Pan Jiří Brady si jistojistě zaslouží za svůj životní příběh úctu. Rozhodně si nezaslouží, aby byl zneužíván min. Hermanem pro boj s Hradem.	jiri brady,daniel herman,opozice,kdu-csl
789560224130752513	1477080801000	Chudák Pražská kavárna. TOP 09 krach, ČSSD zradila prohlášením k ČLR. A tak jí zůstali jen divocí lidovci oprašující prapor antizemanismu.	top09,cssd,prazska kavarna,opozice
789487324300251137	1477063420000	Opravdu kulturní ministr. Média pilně zásobuje podivnými zkazkami a vesele tak kvůli svým zájmům dupe po státním svátku 28.10.	daniel herman,opozice,kdu-csl,media
789405976189251588	1477044025000	Typická česká fraška: Kolem dalajlamy-marxisty radostně tancují Pražská kavárna, lidovci a topkaři, známí to bojovníci s komunismem.	kdu-csl,prazska kavarna,herman,opozice,dalajlama
789011159626178560	1476949894000	Jde jen o další střet antizemanovců se Zemanem a jeho příznivci, při kterém dalajláma slouží jen jako další záminka: https://t.co/vdOcvXwxGk	daniel herman,media,opozice,dalajlama
788286033121185792	1476777010000	Národní fronta nepracujících už se šikuje. Zapomíná, že prezidenta republiky nevolí politické strany, ale občané: https://t.co/hcfnlqN5hz	media,opozice
788285776295522304	1476776949000	Ministr kultury D. Herman a spol. dali přednost mediální slávě před zájmy České republiky a jejích občanů.	media,daniel herman,kdu-csl,opozice
788262024165875713	1476771286000	ČSSD by neměla hledat mezi městskými tzv. elitami, ale mezi normálními lidmi. Vlevo dole. https://t.co/HsCU6VRNMF	cssd,vlada,opozice
788068958083674112	1476725255000	No totok! Média se tolik snaží a zlovolný lid je neposlouchá: https://t.co/gEXFdBXdbM	media,echo24.cz
788026965206962176	1476715243000	Oceňuji výzvu gen. řed. ŘLP Jana Klase po neeskalování sporu a zdrženlivosti mediálních komentářů. Ano věcné debatě, ne mediální hysterii.	rizeni letoveho provozu,jan kasl,media
787973948537438208	1476702603000	9#minutafera ukazuje, jak se budou chovat média, pokud se v březnu 2017 rozhodne pan prezident kandidovat.	media,rizeni letoveho provozu,opozice
787958408674734080	1476698898000	Pan premiér skrývá dle Aktuálně.cz své názory. Potajmu prý odkýval setkání dvou ministrů s dalajlámou i hlasování tří proti cestě na Rhodos.	bohuslav sobotka,cssd,vlada
787932658307305472	1476692759000	Levicovým myšlenkám a levicovým voličům se vzdaluje ten, kdo se rozhodl stát zeleným pirátem z velkého města. https://t.co/A0cdtWCqTB	pirati,strana zelenych,opozice
787899883508367360	1476684945000	Nejlepší odpovědí na prolhané Echo24.cz je zveřejnění videozáznamu OVTV z debaty v Uherském Brodě: https://t.co/plTZvZazzq	media,echo24.cz
787898975655460864	1476684728000	Lež už je běžným pracovním nástrojem českých novinářů. Žádné vyvolené na debaty s panem prezidentem nevybíráme. https://t.co/Q9TgTBdLLp	media,echo24.cz
787887184678416384	1476681917000	ČSSD trpí schizofrenií. M. Chovanec vyzývá k návratu k Zemanovi, B. Sobotka se u takového návrhu takřka křižuje hrůzou. Kdo stranu vyléčí?	cssd,opozice,bohuslav sobotka,milan chovanec,vlada
787767412213030914	1476653361000	Prohlášení odborů ŘLP je mimořádně a hrubě neprofesionální, protože obviňuje ze lži bez předložení byť jednoho jediného důkazu.	rizeni letoveho provozu
787258967369986048	1476532139000	Co mi to jen připomíná? https://t.co/2CtNPq1FFl	media
787061888404299776	1476485151000	Tak kvůli jinému letadlu se prý odlet nezdržel. Vskutku? Podotýkám, že letadlo CAF001 nastartovalo motory v 10:34. https://t.co/ce9yVLAM0g	rizeni letoveho provozu
787036567156260864	1476479114000	Neziskovým organizacím podle CVVM v září důvěřovalo 40 % lidí, zatímco negativně se k nim vyslovilo 48 % respondentů.	neziskovky,opozice
787036303581974529	1476479051000	CVVM, září: Rádiu věřilo 44 % lidí, televizi 34 a tisku 33 %. Celkem klesla v posledních 2 letech důvěryhodnost tradičních médií o cca 15 %.	media,opozice
786961322713948160	1476461175000	Lidovky.cz potvrdily, že pan prezident dle plánu nastoupil do letadla do Blavy. Čekám omluvu médií za obviňování, že způsobil zpoždění.	rizeni letoveho provozu,media,lidovky.cz,lidove noviny,mafra
786942899141378048	1476456782000	Žádné perné chvíle, jak píše Blesk.cz, vskutku neprožívám. Pozorně v Polsku sleduji, jakou ostudu si dělají čeští novináři při 9minutafera.	blesk.cz,rizeni letoveho provozu,media
786940545335693312	1476456221000	Tvrzení Řízení letového provozu versus realita. https://t.co/ZQcnAq6GTe	rizeni letoveho provozu,aktualne.cz,economia,media
786940092111781888	1476456113000	Řízení letového provozu tvrdí, že se let do Bratislavy nezpozdil. Jak vysvětlí, že letadlo přistálo později, což potvrzuje Aktuálně.cz?	rizeni letoveho provozu,aktualne.cz,economia,media
786938567599808512	1476455749000	Další dno české žurnalistiky. Zneužití státního pohřbu slovenského státníka k útokům na pana prezidenta. 9minutafera	prazska kavarna,media,opozice
786934514958368768	1476454783000	#9minutafera dál dráždí Pražskou kavárnu i některé novináře. Nenávistný, lživý a sprostý antizemanismus tryská na povrch jako gejzír.	prazska kavarna,media,opozice
786804671474126848	1476423826000	Dnes dopoledne letíme pracovně do Polska. Dám vědět, až půjdeme do letadla. Ať můžou novináři a Pražská kavárna zapnout stopky. #9minutafera	prazska kavarna,media,opozice
786682837017788416	1476394778000	Dnešek dokázal, že média neváhají proti panu prezidentovi používat vyslovené lži. Je třeba na to pamatovat a neustále to připomínat.	media
786656726586122240	1476388553000	9 minut, které otřásly Pražskou kavárnou.	prazska kavarna,opozice
786651943703867392	1476387413000	Šaráda pokračuje: Echo24.cz lživě upravilo zprávu ČTK. Neřekl jsem, že zpoždění nebylo. https://t.co/hkk0dDFW73 https://t.co/4FhHgrqDiP	echo24.cz,media
786641256126550016	1476384865000	Mimořádně investigativní článek, který si zaslouží mimořádnou Cenu Ferdinanda Peroutky: https://t.co/0zYkEzDhFT	vojtech gibis,media,lidovky.cz,lidove noviny,mafra
786600267840126976	1476375092000	Lidovky.cz přes p. Špačka kritizují snímek z Katedrály sv. Martina. Krátká pamět. Lidovky.cz a státní pohřeb VH: https://t.co/MBPLUNBElj	lidovky.cz,lidove noviny,mafra,media
786595615371321344	1476373983000	Pražská kavárna v antizemanovském zápalu minutu po minutě pitvá cestu na státní pohřeb. Jak řekl klasik: klaunů máme málo, zato šašků hodně.	prazska kavarna,opozice
786518429591273472	1476355581000	Buranským novinářům je Michal Kováč absolutně ukradený. Celý pohřeb jen opět zneužívají k antizemanovským útokům. Ostuda.	media
784474432106536960	1475868254000	Převelice se těšíme na pořady ČST Praha z návštěvy Zlínského kraje - 168 hod. a Reportéři ČT. https://t.co/fACiSg2OVN	ceska televize,168hodin,reporteri ct,media
784387590640267264	1475847549000	Druhá republika v praxi. Nepřekvapivé. V naší historii vždy selhávaly nejen tzv. elity. Selhávali také novináři. https://t.co/EvwHLaebnp	jan drazan,media,echo24.cz
784094763360354305	1475777734000	Peroutkova vnučka Kaslová válčící se Zemanem je i vnučkou protektorátního premiéra odsouzeného za kolaboraci - https://t.co/JOuDdWwkAc	terezie kaslova,ferdinand peroutka,jan drazan
784041188353605632	1475764960000	OVTV, videozáznam tiskové konference pana prezidenta. Zazněla i pochvala ČST Praha za zájem: https://t.co/O5ogBDgbxz https://t.co/on7aBF2WHw	ceska televize,media
784033218269966336	1475763060000	Onen pán svými výroky uráží demokratickou ČR a její občany: https://t.co/BzI9l0L1qT	alexej kelin
783992823951523840	1475753429000	Bohatá účast ČST Praha ve Zlínském kraji vysvětlena. Ve Zlíně několik lidí s transparenty. Za chvíli živě na OVTV! https://t.co/Pqf3RBYX2p	ceska televize,media,opozice
783990951517777920	1475752983000	Pražskokavárenský fundamentalismus a fanatismus v té nejčistší podobě. https://t.co/3VPnSpuydG	prazska kavarna,jan vrobel,opozice
783980730049232896	1475754464000	Byl to člověk jiné epochy,“ řekl o Peroutkovi Havel v jednom rozhovoru z 90. let.	vaclav havel,ferdinand peroutka,media
783954657605484544	1475744330000	P. Honzejk z Bakalových HN investigativně odhalil mé druhé já. To první bylo ve Zlínském kraji, druhé u rovu VH: https://t.co/nMZqMJdrJz	media,petr honzejk,hn,zdenek bakala,economia
783667088313487361	1475675768000	https://t.co/McWqyOyhY8	vaclav havel,opozice
783626802082250752	1475666163000	Náš stát by už nikdy neměl být přívažkem či chudým příbuzným kohokoli jiného - z projevu prezidenta ČSSR Václava Havla, Hrad, 1.1.1990.	vaclav havel,opozice
783591571220467712	1475657763000	Co napadá komentátora v den, kdy si připomínáme VH? https://t.co/6laOZCU1w7	alexandr mitrofanov,pravo,media,borgis
783411623063089152	1475614860000	První den ve Zlínském kraji nás věrně sledovala mimořádně silná delegace ČST Praha. Vzniká plejádá tvůrčích pořadů. https://t.co/XZ5FZVN4dl	media,ceska televize,reporteri ct,168hodin
783256154323517440	1475577794000	ČST Praha laskavě pečuje o návštěvu Zlínského kraje. Peněz má zjevně dost. Akreditovala 15 lidí, mj. štáb 168 hod. a Reportérů. Těšíme se!	media,ceska televize,reporteri ct,168hodin
783240664930738176	1475574101000	Dneska ctí tě za svatého, zítra budeš sviňák" https://t.co/CrQoDuPGaV	oleg vorotnikov,media
783207917306671104	1475566293000	Pan prezident milost firmě, kterou zmiňuje MFD, udělovat nebude. Návrh je nesmyslný. Firmy nesplňují žádnou ze stanovených tří podmínek.	mf dnes,idnes.cz,mafra,media
782974972172103684	1475510754000	Zároveň připomínám, že pan prezident uvítal rozsudek odvolacího soudu v kauze F. Peroutky. Rozsudek zde: https://t.co/h8ZISeim7k	ferdinand peroutka,justice
782974571926417408	1475510659000	Připomínám, že před více jak rokem se pan prezident veřejně omluvil za to, že se doposud nepodařilo článek F. Peroutky nalézt.	ferdinand peroutka
782899477606793216	1475492755000	Jistěže. Nezávislost veřejnoprávních médií zajistí, pokud nová studia ČST slavnostně otevírají vládní politici. https://t.co/BVr0RgSj0T	ceska televize,media,politici,cssd,bohuslav sobotka,vlada
782177958412881920	1475320732000	Výkvět ČST Praha. Ochranku opravdu nemám. Bude se omlouvat soudruh komentátor nebo přímo ústřední ředitel ČST? https://t.co/Hrhd0Pi8ew	ceska televize,ondrej zamazal,media
782177025205436417	1475320509000	Nepřekvapuje, že Pražská kavárna tak srdnatě omlouvá druhou republiku. Chtěla by ji evidentně obnovit.	prazska kavarna,druha republika,opozice
782163756021317632	1475317345000	Trapas E. Taberyho. Poučím ho - Agrárníci byli hybnou silou druhé republiky, která přijala antisemitská nařízení. https://t.co/eKWkMxCSoj	erik tabery,respekt,media
782140945722707968	1475311907000	Nemohu za to, že čeští novináři nerozumí historii a myslí si, že na základě tohoto článku dosáhli nějakého zásadního a závěrečného sdělení.	media,ferdinand peroutka
782140753875263488	1475311861000	Je to období, kdy selhaly elity ve své naivitě, že agresorovi je možné ustupovat a je možné se dohodnout: https://t.co/ijPQdmZGMT	elity,opozice
782117045089497088	1475306209000	V loyálním styku s německou říší chceme pracovati pro další život svého národa na prostoru, který nám zůstal - F. Peroutka v prosinci 1938.	ferdinand peroutka
782106278512525312	1475303642000	Nález článku, který publikovaly Novinky.cz, je zajímavou indicií. Právě politiku agrárníků za druhé republiky F. Peroutka artikuloval.	ferdinand peroutka,media
781911108936425472	1475257110000	Rozumím tomu správně, že na kanálu Pražské kavárny vadí, že je pan prezident proti vystoupení z NATO a EU?! https://t.co/6z7ZPzT9Gn	media,prazska kavarna,opozice
781905587554639872	1475255793000	Zemanovi věří 57 procent občanů, o dost více než vládě: https://t.co/XCCk52kGt1	vlada,politici
780690138015891456	1474966008000	Už je jasné, proč "Sto hoven" a další ideoví neziskoví aktivisté veřejně zavrhli renegáta Vorotnikova. Označil je totiž za "šašky z Mekáče".	ztohoven,oleg vorotnikov,neziskovky
780360002917822464	1474887297000	Co původně vypadalo ideově, bylo “Sto hoven”, piš jak slyšíš, náhle shledáno neideovým podrýváním naší skutečnosti: https://t.co/h6VENDKkAw	ztohoven,umelci,opozice
779617971530530816	1474710383000	Je dobře, že média zveřejňují celé znění rozsudku v kauze Peroutka: https://t.co/mqEvBglIDf	ferdinand peroutka,justice,terezie kaslova,media
777822161214050304	1474282229000	Zemanovo vítězství aneb Jak číst rozsudek v kauze Peroutka: https://t.co/y3dvr8SjTY	ferdinand peroutka,justice,terezie kaslova
776825760074108928	1474044668000	Právě fašisté se vyznačovali tím, že narušovali shromáždění svých oponentů.	media,ondrej mazura,denik referendum,bohuslav sobotka,cssd
776821101276106752	1474043557000	Takto se projevuje fotograf Deníku Referendum, který má proklatě blízko k panu premiérovi. "Moderní levice" v akci: https://t.co/sQWTgztQ0j	media,ondrej mazura,denik referendum,bohuslav sobotka,cssd
776757081995153408	1474028294000	Echo24.cz, celé znění rozsudku v kauze Ferdinanda Peroutky: https://t.co/h8ZISeim7k	ferdinand peroutka,justice,terezie kaslova
776719950379622400	1474019441000	Písemný rozsudek v kauze Peroutka doručen. Text studujeme, příští týden sdělíme další postup. Připomínám, že pan prezident verdikt 3:1 vítá.	ferdinand peroutka,justice,terezie kaslova
776160233496383488	1473885994000	ČST Praha v akci. https://t.co/JE5aPWFWUV	ceska televize,media
776148780609601540	1473883264000	Politolog, který nezná zákon č. 129/2000 Sb. Zákon o krajích (krajské zřízení). Ostuda. https://t.co/abPWhTKrY5	kamil svec
775659974416629761	1473766723000	Pan premiér by měl vysvětlit, proč nechce, aby měla střední Evropa v EU silnější hlas prostřednictvím Visegrádu + https://t.co/a5G5qKmLqE	bohuslav sobotka,cssd,opozice,vlada
773543427493470209	1473262099000	Prosazování cenzury. Made in: Projekt HateFree Culture realizuje jeden z odborů Úřadu vlády ČR: https://t.co/2ButcV8bkg	neziskovky,hatefree,
773486441548611585	1473248513000	Angažovaní žurnalisté mají u nás tradici. A takto se naši "nezávislí" novináři budou chovat v prezidentské kampani: https://t.co/NgpYO9qP1r	david klimes,hn,media,economia
773416175292276736	1473231760000	Pan prezident na Hradě nebydlí, to by měli novináři vědět. Pan prezident na Hradě pracuje: https://t.co/s2xWqg02zq	ln,lidovky.cz,tomas tomanek,media,mafra
773183390451396608	1473176259000	Zájem médií a Pražské kavárny o novou knihu stoupá. Jen houšť a větší kapky! https://t.co/UHnaeFEl2r	media,prazska kavarna
773064845746921472	1473147996000	Ano, pan prezident bude dál bránit ČR před nebezpečím terorismu, se kterým je migrace spojena. Žádný komisař nebude naší zemi diktovat.	migrace,osn,zaid husajn
771691821139394560	1472820642000	Ferdinand Peroutka, 27.8.1939: Povinnost je jasná - https://t.co/kQO3uVQ0Ci	ferdinand peroutka
771661589955043329	1472813434000	Článek nazvaný "Češi, Němci a židé" pak soudce označil přímo za antisemitský, podle něj v něm Peroutka použil i vyloženě rasistické obraty.	ferdinand peroutka,druha republika
771442988388118528	1472761315000	Ferdinand Peroutka? Ano. Ale pak se ptejme po druhé republice. Po nejhnusnějším období naší historie.	ferdinand peroutka,druha republika
770586331198160896	1472557072000	Soud posvětil zneuctění státního symbolu, za který pokládali životy naši předci. Tak začíná totalita: https://t.co/PK8Hmp1S4X	justice,ztohoven,umelci
770359432693833729	1472502975000	Ve čtvrtek halasně znělo ze Strakovky, že žádné kvóty na migranty. Dnes ČTK informuje, že do ČR přijela skupina migrantů na základě kvót.	migrace,vlada
769797947848548352	1472369107000	Falešného Peroutku dle lidovky.cz "žene potřeba". Ano, Twitter jsem vždy považoval za kanál Pražské kavárny: https://t.co/FI9k5PI6DI	prazska kavarna,ferdinand peroutka,lidovky.cz,media
769525360723722240	1472304117000	Je dobře, že řád ČSBS vrací člověk, který vytýká p. prezidentovi hájení zájmů ČR "nabádáním k nerespektování dohod EU o přijetí uprchlíků".	werner imhof,migrace
769491575567245312	1472296062000	Je skandální, pokud se odhalení pamětní desky Josefu Mašínovi zúčastnil pán, který adoruje neonacisty: https://t.co/qTCiCqnL1P	jaromir stetina,top09,opozice
769157984555507713	1472216528000	Přesně tak. Financování neziskovek, pověstných "nevládek", je mimořádně netransparentní: https://t.co/55EN1rhNdd	neziskovky,opozice
769118922981437440	1472207215000	Závažné podezření, že organizace typu Evropských hodnot jsou ve skutečnosti velmi výkonnými agenty Kremlu: https://t.co/SE22VZIW0k	evropske hodnoty,neziskovky
768458578042773504	1472049776000	2/2 Hoši ze Sto hoven se  pokusili zahrát si na Omladináře, ve skutečnosti jsou to chudáci. Myslím, že veřejnost rozhodnutí soudu nepřijme.	ztohoven,umelci,justice
768458539627085824	1472049767000	1/2 Příběh nekončí, st. zástupkyně podala stížnost. Podivným rozsudkem je sdělováno, že je možné beztrestně hanobit státní symboly.	ztohoven,umelci,justice
768166188878696449	1471980065000	Nevládky jsou jistě mimořádně nadšeny. Takových peněz! Nabídnou Evropské hodnoty projekt za státní peníze? https://t.co/T7qqhN8xHv	neziskovky,evropske hodnoty,vlada
768038087838564352	1471949524000	2/2 Zcela srovnatelný je i počin hochů ze Sto hoven, kteří odvysílali v přímém přenosu ČT atomový výbuch.	mf dnes,media,mafra,idnes.cz,umělci,ztohoven,ceska televize
768038084097282048	1471949523000	1/2 Pronesení plynové pistole do areálu Hradu je akcí, která může vyvolat obdobný poplach jako Konvičkova produkce.	mf dnes,media,mafra,idnes.cz
767310460379131904	1471776044000	Po roce 1968 radostně navštěvoval SSSR, dnes si hraje na bojovníka s Kremlem. https://t.co/JeVDF3M4im	jaromir stetina,top09,opozice
766685204148850692	1471626971000	Podceňovat bezpečnostní hrozby by bylo zločinem. Nechť si to uvědomí mudrlanti nad bezpečnostními opatřeními na Hradě.	media,opozice
766600241017749504	1471606714000	Tradiční antizemanovská kampaň letos vypukla předčasně. Nedočkavci ve Strakovce a v médiích tentokrát nevydrželi počkat do listopadu.	vlada,strakova akademie,media
766538617678213120	1471592022000	U komentáře lidí z Evropských hodnot by mělo být v novinách vždy v závorce uvedeno - sponzorují ministerstva pod správou ČSSD.	vlada,cssd,evropske hodnoty,media
766204482334130176	1471512358000	Pražská kavárna uspořádala na Hradě pro potěchu oka některých novinářů malou spartakiádu. Poupata vzor 2016: https://t.co/lB5y56yD8M	prazska kavarna,opozice
765970219529539585	1471456506000	Důkaz antizemanovské kampaně. Snímek vydávaný za frontu na kontroly. Lež. Jde o situaci při střídání Hradní stráže. https://t.co/SHfvHs5FuG	tomas prouza,vlada,cssd,politici,top09,media
765911457120878593	1471442495000	Tajemník Prouza a další lživé argumenty. Hrad je nejvíce otevřen od r. 89, nově exkurze i v prezidentské kanceláři. https://t.co/nXKtLqB55w	tomas prouza,vlada,cssd
765901948516175872	1471440228000	Dva snímky jen a jen pro státního tajemníka Prouzu. Hrad, 15:00. "Uzavřená" Brána gigantů. https://t.co/cdDF3Is3ck	tomas prouza,vlada,cssd
765898611427307520	1471439433000	15:00, Prašný most, vchod do areálu Hradu. Kde jsou naše média? https://t.co/1xWvvZqQms	media
765896643258515457	1471438964000	15:00, Hradčanské náměstí, vchod do areálu Hradu. Kde jsou naše média? https://t.co/SLkn2QlCPH	media
765879185445388288	1471434801000	Echo24.cz si patrně pochvalou dr. Gustáva Husáka připomíná výročí okupace ČSSR vojsky Varšavské smlouvy. https://t.co/Pw1rsz4T2r	echo24.cz,media
765876949864579072	1471434268000	Je zavrženíhodné, jsou-li otázky bezpečnosti občanů zneužívány k antizemanovské kampani. O nic jiného v části médií a ve Strakovce nejde.	strakova akademie,media
765860349744644097	1471430311000	Děkujeme naší veřejnosti i zahr. turistům za pochopení a trpělivost. Kontrast k manipulacím Strakovky a části médií. https://t.co/AfZaESSTeu	strakova akademie,media
765836365481275392	1471424592000	Média tvrdí, že bezp. opatření jsou kvůli panu prezidentovi. Ne, jde o ochranu veřejnosti. Ostatně, pan prezident je tento týden v Lánech.	media
765829687272583168	1471423000000	Hrubá manipulace ze Strakovky. Prouzova fotografie zachycuje situaci při střídání Hradní stráže, nikoliv situaci bezpečnostních kontrol.	strakova akademie,vlada,tomas prouza,cssd,migrace,eu
765819386808664064	1471420544000	Místo kavárenských výkřiků by tajemník Prouza už měl sepsat pro pana premiéra desky k migračním kvótám. ANO nebo NE. https://t.co/RWis3zpmkn	bohuslav sobotka,tomas prouza,migrace,eu,cssd
765606264126763008	1471369732000	Nový ročník tradiční AntiZeman Pride českých novinářů je v plném proudu: https://t.co/OCRZKDaFXu	jiri stastny,lidove noviny,lidovky.cz,mafra
765564862139367424	1471359861000	Když obdobně loni hovořil pan prezident, čeští novináři slastně uveřejňovali urážlivé reakce tureckého tisku: https://t.co/waBRTw0Pnf	media
765542319718338560	1471354486000	Poučme redakci U Bakalů: Bezpečnostní opatření na Hradě chrání veřejnost. Nejsou zaváděna kvůli panu prezidentovi. - https://t.co/kco6rGEAXq	media,economia,aktualne.cz,zdenek bakala,jan lipold
765534911713402880	1471352720000	Bezpečnostním rizikem je provádět bezpečnostní kontroly, zní "logika" páně expertova: https://t.co/fO7CJ7FIWI	pavel cerny
765481720355446784	1471340038000	Sdělovat podrobnosti bezpečnostních opatření na Hradě novinářům nebudu. To bych si rovnou mohl dát inzerát do časopisu tzv.Islámského státu.	mf dnes,media,idnes.cz,mafra
765167383132733441	1471265094000	Novináři si hrají na teroristy a zkouší dostat do areálu Hradu zbraně. Nezodpovědné. Než reagovat, stačí si přečíst: https://t.co/MA6rQsKw4W	mf dnes,media,idnes.cz,mafra
764155656207294464	1471023880000	Pan předseda Kalousek by se měl nejméně dvakrát nadechnout, než cokoliv vyřkne do světa: https://t.co/LaW00LTSWM	miroslav kalousek,top09,opozice
763265461094080512	1470811641000	Četba nejen pro Pražskou kavárnu. Tato země je naše - nová kniha rozhovorů s panem prezidentem. Vyjde už 1. září: https://t.co/cXQa2I6elx	prazska kavarna,opozice
762933402026868736	1470732472000	Brusel opět tlačí na přijímání migrantů, nyní přes "harmonizaci". Ústy G. Oettingera přitom přiznal, že migrantům jde jen o sociální dávky.	eu,migrace
762670643871711232	1470669825000	Mimořádný skandál. RRTV pod průhlednou záminkou fakticky brání levicové extremisty, kteří okupují státní majetek: https://t.co/YO6BEMWbr5	rrtv,klinika,media
761632081906655232	1470422213000	Stát by měl okamžitě ukončit financování neziskovek, které podporují přijímání migrantů a jdou tak proti občanům ČR.	neziskovky,migrace,vlada
758606228712984576	1469700793000	Financování „nevládních“ Evropských hodnot? 200 000 Kč Škoda Transportation, 342 500 Kč MŠMT vedené ČSSD, 31 000 Kč MZV vedené ČSSD.	evropske hodnoty,neziskovky,cssd,msmt,mzv
758229361560526848	1469610941000	„Premiér Sobotka a jeho tým začíná metodou ‚jezinky‘ naplňovat bruselské kvóty na migranty”. https://t.co/VqkKamMP06	bohuslav sobotka,vlada,eu,opozice
756064914062581760	1469094897000	Za finance státní, evropské a jedné strojírenské firmy z Plzně byla obnovena ediční řada "Fakta nelze zamlčet". https://t.co/Eyclw0VA7U	evropske hodnoty,neziskovky
755689005979672576	1469005273000	A za takové situace část české vlády koketuje s "dobrovolným" přijímáním migrantů: https://t.co/5mWx7HZDhp	vlada,migrace,eu
755662375899070464	1468998924000	B. Sobotka a T. Prouza dluží vysvětlení, proč jdou na ruku převlečeným kvótám na migranty v situaci, kdy jsou proti naši partneři ve V4.	bohuslav sobotka,tomas prouza,eu,migrace
755653300092080129	1468996760000	Proti pravicovému extremismu tzv. elity burcují. Levicový extremismus jim voní a brání ho: https://t.co/4EklKrieXb	elity,klinika,igor sevcov
755468822241480704	1468952777000	Neutuchající teroristické útoky v západní Evropě pro ČR znamenají: ne islámské migraci, ne kvótám, ne "dobrovolnému" přijímání migrantů.	eu,migrace
753426601115807745	1468465874000	ČR prý vítá nový bruselský návrh "Kvóty na 1000 způsobů" na přemisťování migrantů. Nikoliv. Bruselský návrh vítá jen státní tajemník Prouza.	eu,tomas prouza,cssd
753120241039904768	1468392832000	Když v Berlíně hoří auta a létají zápalné lahve, osazenstvu Kliniky plane zrak.	klinika,aktivisti
751431711121084416	1467990255000	Čtení pro Pražskou kavárnu. https://t.co/UxgoY3ZHce	prazska kavarna,opozice
750320417336881157	1467725302000	Srovnávat rok 1968 s migrační vlnou infiltrovanou teroristy je zcela nepřijatelné. Na místě je okamžitá omluva. https://t.co/6momDRDgRB	unicef,migrace,neziskovky
750047669389754368	1467660274000	Něco z vybraného slovníku příznivců Pražské kavárny, Majdanu a pana premiéra: https://t.co/YjiGVpIJpV	tomasz peszynski,aktivisti,prazska kavarna,opozice
749678154952966144	1467572175000	U Bakalů chytli v obavě ze svobodných názorů občanů vzteklinu. Proč se bojí demokracie? Tak zní další dnešní otázka. https://t.co/iIQt43GxX9	david klimes,hn,economia,media
749602128776265728	1467554049000	Máme tu takové malé letní tajemství. CVVM vytáhlo nahoru ČSSD, podle TNS Aisa ale nadále vede hnutí ANO. Kdo tuto letní záhadu objasní?	cvvm,cssd,tns aisa
748173576319152132	1467213455000	Stala se věc nevídaná a unikátní. Souhlasí spolu prezidentův mluvčí Jiří Ovčáček a šéf TOP 09 Miroslav Kalousek: https://t.co/Faj2AaCIgR	miroslav kalousek,top09,ztohoven,umelci,opozice
748120572022894592	1467200818000	Tváře novodobého českého fašismu. https://t.co/8KYRQRgl0t	ztohoven,umelci,opozice,fasizace
748104164811620352	1467196906000	Hrají si na disidenty, ve skutečnosti jsou stejní jako fašizující studenti Filozofické fakulty UK, kteří po Mnichovu svrhli sochu TGM.	univerzita karlova,filozofická fakulta,akademici,opozice,studenti,fasizace
748084440363065344	1467192203000	Jsem prý člen Ztohoven. Budiž tedy: oficiálně vyhlašuji konec Ztohoven. Budova Paralelní polis v Praze nechť je ihned předána Armádě spásy.	ztohoven,paralelni polis,umelci,opozice
747732083607482371	1467108195000	Náměstek brněnského primátora Hollan teď chodí naostro. Jeho červené trenýrky visí na Špilberku: https://t.co/lPZDqjE8rj	matej hollan,zit brno,ztohoven,opozice
747519134695555072	1467057424000	Co to připomíná? Druhá republika: Na Filozofické fakultě UK studenti sympatizující s fašismem svrhli sochu TGM stojící u vstupu do budovy.	univerzita karlova,filozofická fakulta,akademici,opozice,studenti,fasizace
747510548900749313	1467055377000	Příběh o tom, jak tzv. elity oživují mrtvolu druhé republiky. Ubožáci na provázku: https://t.co/i1wo3SCbiP	husan na provazku,umelci,opozice
747389344340676609	1467026480000	Pochvalu si odporný čin jistě vyslouží od Pražské kavárny. Zajímavé bude sledovat reakce politiků, kteří dosud konání Sto hoven zlehčovali.	ztohoven,umelci,opozice,prazska kavarna,politici
747388910427312128	1467026376000	Skupina Sto hoven se definitivně postavila na roveň nacistům, kteří první zneuctili standartu prezidenta republiky.	ztohoven,umelci,opozice
747387206453559297	1467025970000	Počin zlodějů ze Sto hoven, kteří zničili standartu českých prezidentů, lze označit jen jedním slovem: prasárna.	ztohoven,umelci,opozice
745362947472490496	1466543349000	2/2 Kdybych nyní kandidoval, pravděpodobně bych získal hlasy lidí rozumně uvažujících a vzdělaných. Ale ti dnes nepředstavují většinu.	tomas halik,opozice
745362914111000576	1466543341000	1/2 Malý, pozdně večerní kvíz. Kdo je autorem následujícího výroku?	tomas halik,opozice
742654430386982913	1465897588000	Představujeme logo Ovčáčkovy televize  (OVTV), která nezkresleně vysílá debaty pana prezidenta s občany v krajích. https://t.co/X8AJcp7Ti9	ceska televize,media
742444905457422336	1465847634000	V Poučení z krizového vývoje stačí vyměnit pár slov. A je tu text alá Evropske hodnoty a Masarykova univerzita. https://t.co/fnR2Ab9UBT	evropske hodnoty,akademici,masarykova univerzita
741980536839753728	1465736919000	Antibabišovská párty se v podání TOP 09 tradičně zvrhává v antizemanovské orgie. Přidají se ČSSD a KDU-ČSL? https://t.co/p0GIXskJiV	top09,cssd,kdu-csl
740967991035170816	1465495510000	O tom, co je "prokremelský web", bude rozhodovat obnovený Český úřad pro tisk a informace? https://t.co/MGohjrHqGA	respekt,media
739877645341626369	1465235551000	OVTV brzy představí své oficiální logo. Je dobře, že se další politici inspirovali, příkladem je "Babišova kavárna": https://t.co/fPmwUF0n0k	media,andrej babis,ano
739704916478939136	1465194369000	2/2 Přivítat u korunovačních klenotů měl i velvyslance USA. Realita? 19.5. byl pan prezident celý den v Olomouckém kraji.	respekt,media
739704360272330752	1465194237000	1/2 Respekt se usvědčil z šíření nepravdivých zpráv. Fascinovaně popisuje, jak 19.5. pan prezident vítal na Hradě vybrané velvyslance.	respekt,media
739464280697933824	1465136997000	Maďarsko při obraně hranic účinně použilo vodní děla. Naše bezp. složky jich mají nedostatek. Při náporu migrantů je třeba nasadit i hasiče.	migrace
739461559689306113	1465136349000	Jestli někdo soustavně ve věci migrační krize improvizuje, je to pan premiér. Pan prezident předkládá realistická řešení ve prospěch ČR.	migrace,bohuslav sobotka,cssd,opozice
737941027609313280	1464773825000	Dýka do zad Pražské kavárny. Dalajláma: Máte příliš uprchlíků. Německo nemůže být arabské - https://t.co/07M5UrKfEi	prazska kavarna,opozice,migrace
737939223693692928	1464773395000	Konkurence ČST Praha. Nově živě vysíláme důležité akce na FB Miloš Zeman - prezident České republiky: https://t.co/NIWf2anGDo	ceska televize,media
737533274965213185	1464676610000	Migrace je hrozbou, problémem a krizí. Nezpochybnitelný fakt, který se nesmí v novodobé normalizaci vyslovit. Důkazem je kampaň proti Primě.	migrace,opozice
736964445876977664	1464540990000	Liberálové, kteří se teď budou tvářit jako největší přátelé lidu. https://t.co/Dms7XyaKdw	liberalne ekologicka strana,les,opozice
735107115031928832	1464098168000	Nevzdělaná Pražská kavárna neví, že v diplomacii se standardně používá termín telegram. Příklad ze Slovenska: https://t.co/73vMxR2FOx	prazska kavarna,opozice
734726632498442240	1464007454000	Krajská volební kampaň "Silou rozumu" v podání @kalousekm a jeho TOP 09: Zneuctění prezidentské standarty exkremisty je "detail".	miroslav kalousek,top09,ztohoven,umelci,opozice
734718705842675712	1464005564000	Pražská kavárna zneuctění prezidentské standarty přivítala. Občané v krajích jsou opačného názoru, jak ukázaly debaty s panem prezidentem.	prazska kavarna,ztohoven,umelci,opozice
734081919038697477	1463853742000	Podpora od této iniciativy bude pro vybrané prezidentské kandidáty jasným polibkem smrti: https://t.co/rUDJRtESfT	kromerizska vyzva,opozice
732865432407965696	1463563709000	Je šokující, když ministr Sobotkovy vlády, který má na starosti kulturu, nekulturně rozporuje jasné vyjádření prezidenta republiky.	bohuslav sobotka,daniel herman,kdu-csl,opozice,sudetcti nemci
732850714272235520	1463560200000	3/3 Pokud jde o neškodný krajanský spolek, není nutné, aby byl navštíven českým ministrem. Partnerem je Klub českého pohraničí.	daniel herman,kdu-csl,opozice,sudetcti nemci
732850538287620096	1463560158000	2/3 Pouze konstatoval, že landsmanšaft je po vzdání se majetkových nároků už jen neškodným krajanským spolkem.	daniel herman,kdu-csl,opozice,sudetcti nemci
732850373812183040	1463560119000	1/3 Pan prezident neposvětil ministru kultury Danielu Hermanovi návštěvu sudetoněmeckého sjezdu.	daniel herman,kdu-csl,opozice,sudetcti nemci
730834285033365506	1463079446000	Důkaz "nezávislosti" praxí: ‚Zeman je extrémní.‘ Sobotka i šéf ČT jsou proti zestátnění televize.	bohuslav sobotka,cssd,ceska televize,media,petr dvorak
730809272909598720	1463073483000	2/2 Jde v podstatě o krajanský spolek a bylo by proto vhodné, aby pozvali třeba Klub českého pohraničí.	daniel herman,kdu-csl,opozice,sudetcti nemci
730809199085662208	1463073465000	1/2 Čeští ministři by se neměli účastnit sudetoněmeckého sjezdu.	daniel herman,kdu-csl,opozice,sudetcti nemci
730799794793414657	1463071223000	Pan premiér svým vyjádřením k ČT vůbec nepřekvapil. Není divu, když je ČT hlavním mediálním partnerem projektu jednoho z odborů Úřadu vlády.	bohuslav sobotka,media,cssd,ceska televize,vlada,opozice
730762056438325253	1463062225000	Není vůbec překvapující, že se generální ředitel ČT vyjadřuje právě pro Bakalův mediální trust: https://t.co/TmKhRmddZ0	ceska televize,media,petr dvorak,economia,zdenek bakala,aktualne
730745563570950144	1463058293000	Co je zásadní: koncesionáři by neměli platit 135 Kč měsíčně za provoz ČT. Úhrada ze státního rozpočtu by vedla k úsporám.	ceska televize,media
730742676438589440	1463057605000	Radní ČT oficiálně potvrdil, že tato televize není vyvážená a je zaměřena proti panu prezidentovi: https://t.co/fGmznL1nNt	zdenek sarapatka,ceska televize,media
730489798717222912	1462997314000	Generální ředitel ČT svou reakcí potvrdil, že je třeba přijmout řešení ve prospěch občanů. Ne politiků nebo Kavčích hor. Tedy: zestátnit.	ceska televize,media,petr dvorak
730448561654120451	1462987482000	Podobný názor na financování ČT má i min. fin. A. Babiš. Uvedl, že by byl pro to, aby televizi platil stát, protože „lidi by tím ušetřili“.	ceska televize,media
730441188386418689	1462985724000	Zestátnění by svobodu neomezilo. Naopak. Důsledkem by byla větší objektivita a vyváženost. Z ČST Praha by se konečně stala Česká televize.	ceska televize,media
730427146796183552	1462982377000	Na pomoc České televizi dle očekávání přispěchal...předseda TOP 09 Miroslav Kalousek @kalousekm Děkujeme za potvrzení slov pana prezidenta.	opozice,miroslav kalousek,ceska televize,top09,media
730040602994352128	1462890217000	Výborně! Pražská kavárna už má své heslo na Wikipedii: https://t.co/QAyAyp1QV4	prazska kavarna,opozice
728978412157739009	1462636971000	Ideová úderka opět dělala ostudu, tentokrát na Václavském náměstí: https://t.co/Yp2tiKDRtL	opozice
728546871245873156	1462534084000	Tolerance není o samolepkách. Vládní Hate Free Culture nenávist ve společnosti soustavně rozdmýchává. Za peníze daňových poplatníků.	hatefree,neziskovky
728483062342811648	1462518871000	Vypadá to, že všem členům Pražské kavárny budou do těl zaváděny čipy. Že by společné protestní pípání u čtečky? https://t.co/7kk25o8LAN	prazska kavarna,ztohoven,umelci,paralelni polis
726376145768353792	1462016543000	Smrt státu akademici fakticky hájí, kvůli "Smrt HateFree" se bouří.	hatefree,akademici,neziskovky
726342024539045888	1462008408000	Pokus o legitimizaci levicového extremismu vysokoškolským prostředím: https://t.co/zVOAhOUJTV	igor sevcov,klinika,neziskovky,akademici
725563699998633985	1461822841000	Závistivý veršotepec @kalousekm, chtěl by do Čapího hnízda, aspoň na kousek. Ať zanechá trapných půtek a učiní dobrý skutek. #pomocklokankum	miroslav kalousek,top09,opozice
725211835545321472	1461738950000	Smlouvu se Z. Altnerem schválila Hospodářská rada ČSSD a projednalo ji Politické grémium ČSSD. Teprve pak následoval podpis smlouvy.	bohuslav sobotka,cssd,opozice
725210278753894401	1461738578000	Osvěžit paměť může p.premiérovi šéfporadce V. Špidla. 2001: U Ústavního soudu zastupovali ČSSD advokát Altner a místopředseda V. Špidla.	bohuslav sobotka,cssd,opozice
725203149754130433	1461736879000	Ve výčtu útoků extremistů chybí zneuctění a krádež standarty, ničení státních vlajek a zapalování automobilů: https://t.co/YL1Om4Buho	klinika,ztohoven,neziskovky,umelci,opozice
724945996510277632	1461675569000	Pražská kavárna se vyřádila na téma notového záznamu. Nyní se může podívat na video ze zpěvu hymny - bez nápovědy: https://t.co/F3QVK0DctZ	prazska kavarna,skauti,opozice
724933255066210305	1461672531000	Děkuji sympatizantům skautů za notový záznam. Byl dobrou pomůckou, abych nepěl hymnu jako kdysi K. Schwarzenberg. https://t.co/u70Qmwd5g5	opozice,skauti,karel schwarzenberg
724646913585385473	1461604262000	Levicoví i pravicoví extremisté ohrožují naši svobodu. Je dobře, že policie zveřejnila záznam útoku na kavárnu: https://t.co/CtD4xkC9R2	hatefree,neziskovky,migrace,klinika
724591257008386048	1461590992000	Ledy se hnuly. Teď ještě video z napadání kaváren. Ať víme, kteří konkrétní extremisté uměle vyvolávají napětí v ČR: https://t.co/pharYzR0Y5	hatefree,neziskovky,migrace,klinika
724532349438967808	1461576947000	Kauza "hatefree" nesmí být zneužita v kampani proti slušné většině občanů odmítajících migraci. Řekněme však NE extremistům zleva i zprava.	hatefree,neziskovky,migrace,klinika
724223724011065344	1461503365000	Česká společnost se neradikalizuje. Radikalizují se levicoví a pravicoví extremisté-ničí státní symboly, pálí auta nebo sprejují na kavárny.	klinika,aktivisti,neziskovky,opozice
723180209965547520	1461254572000	Podle informací ECHO24.cz byli ve skutečnosti Zemanovi kritici v převaze. Virtuální realita. Čáry a kouzla. Důkaz: https://t.co/MEjL7x05E4	media,echo24.cz,prazska kavarna,opozice
722740973495848960	1461149850000	Pan prezident diskutuje s občany v Jincích. Pražská delegace zůstala v kavárně. https://t.co/EhdJqy3i6L	prazska kavarna,opozice
722727601442320384	1461146662000	K Ferdinandu Peroutkovi: Vzpomeňme velkého člověka, velkého novináře. Takový novinář v dnešní době neexistuje - https://t.co/rQspZe7XuK	ferdinand peroutka,media
722704744012214272	1461141212000	Angažované umění. https://t.co/tm5lw6X3Tc	lenka dusilova,umelci,opozice
722704096424292354	1461141058000	Je tedy zřejmé, že v Berouně pražská delegace demonstrovala za ČLR. https://t.co/qc14aHnLSY	prazska kavarna,opozice
722703129440030720	1461140827000	Kouzelné - Lenka Dusilová pomohla Číně propagovat jejich nový telefon, oslnila Peking: https://t.co/nRvtDfOfai	lenka dusilova,umelci,opozice
722500007111323649	1461092399000	Proslýchá se, že po akci v Loretánské bude @kalousekm povýšen Pražskou kavárnou na Tibeťáčka: https://t.co/dnUIJjBe4N	top09,opozice,prazska kavarna,miroslav kalousek
722491796908072960	1461090442000	Počkejte na televizi, jde sem televize,“ snažili se s úspěchem formovat protestující neoznačení organizátoři: https://t.co/TmM4ILN1Wg	podhradi,nikola klevcova,opozice,media,prazska kavarna
722479817673805824	1461087586000	Vtip dne kontra fotografie: Bylo tam přes 70 % odpůrců Zemana," řekla Nikol Klevcovová ze spolku Podhradí. https://t.co/Z5zHiZcsDu	podhradi,nikola klevcova,opozice,media,prazska kavarna
722459484099055619	1461082738000	V Bakalově mediálním impériu by to už s kampaní proti panu prezidentovi neměli přehánět. Propagandistické chucpe. https://t.co/zqp5TAQwFD	zdenek bakala,economia,aktualne.cz,media
722456071466520576	1461081924000	Účastnice diskuse popřála panu prezidentovi pevné zdraví, povykující skupinka odpůrců reagovala pískotem. Bahno Pražské kavárny.	prazska kavarna,opozice
722451858644709377	1461080920000	Sedlčany. Obrovská převaha občanů, kteří přišli debatovat, nad těmi, kteří se projevují jen řevem. #revbezargumentu https://t.co/hWm0PQKvr8	prazska kavarna,opozice
722428280863866880	1461075298000	Média vrní nad pražskou delegací, která se početně nemohla rovnat s těmi, kdo přišli skutečně debatovat. Důkaz? Snímky i přenos. #novazbran	prazska kavarna,opozice,media
722421504424677376	1461073683000	Setkání bez uprchlé pražské delegace. "Děkuji všem, kdo přišli. A neděkuji těm, kdo utekli," uvedl pan prezident. https://t.co/gglqE5WN8m	prazska kavarna,opozice
722419709661093888	1461073255000	Pražská delegace nás opustila. #konecrevu	prazska kavarna,opozice
722416962035388416	1461072600000	Pražské delegaci v Berouně se nelíbí, že pan prezident hájí národní zájmy. #revbezargumentu	prazska kavarna,opozice
722415525087854592	1461072257000	Setkání s občany v Berouně. Pan prezident přivítal též delegaci z Prahy. https://t.co/m1WCeCfEvt	prazska kavarna,opozice
722408402446598144	1461070559000	S CK Pražská kavárna přijela i mini delegace s tibetskou a ukrajinskou vlajkou. Už za chvíli přímý přenos z Berouna. https://t.co/rCbCHBRcpd	prazska kavarna,opozice
722386349416914946	1461065301000	Do Berouna míří zájezd CK Pražská kavárna. Těšíme se na dotazy. Setkání na berounském náměstí živě přes aplikaci Periscope.	prazska kavarna,opozice
721222310108217345	1460787773000	Více Čechů by si přálo demisi premiéra Bohuslava Sobotky (ČSSD) a celé vlády než odchod prezidenta Miloše Zemana: https://t.co/ckBlN6l2Ig	bohuslav sobotka,vlada,opozice
720362831187742720	1460582857000	Česká republika je suverénní sebevědomou zemí, a na tom nezmění nic ani zpráva z Washingtonu: https://t.co/vRMKQtPnAy	john kerry,usa
719891892167712768	1460470576000	Je třeba odlišit lidi, kteří svobodně vyjadřují názor od různých Kalousků, kteří se zviditelňují šaškovskými akcemi: https://t.co/opLzsLXi2b	miroslav kalousek,top09,opozice
719891314364563456	1460470438000	Je špatný ten, kdo se bojí vyjádřit svoji úctu jenom proto, aby ho často podplacená média neznemožnila: https://t.co/ApIMOt1wF2	media
718882563926921217	1460229934000	Angažovaní umělci. 1948, 1977 a teď 2016. Třeba opět uspořádají seanci v Národním divadle a budou podepisovat prezenční listinu.	lenka dusilova,david koller,klara vytiskova,umelci,opozice
718750648368558080	1460198482000	První standartu prezidenta republiky pošpinili nacisté. A pak "umělci". Za svými slovy si stojím. Je to fašizace: https://t.co/liIGWT6fBe	ztohoven,opozice,umelci,fasizace
717698208231788545	1459947561000	Pan prezident kvóty tvrdě odmítá a bude tvrdě odmítat. To platí i pro kvóty přestrojené. Vůči této bruselské jezince musí zaznít hlasité NE.	eu,migrace,kvoty
717343355940814848	1459862958000	Zemanových 62 procent. Kdo z vás to má? https://t.co/JLGfjekuHt	opozice
717329200475160576	1459859583000	Policie si zvala demonstranty proti Zemanovi, nakonec navrhla potrestat příznivce prezidenta. Co na to TOP 09 a ODS? Policejní stát?	top09,ods,opozice
717294826547503104	1459851387000	Snaha TOP 09, ODS a médií udělat z pana prezidenta totalitáře je směšná. Oponenty v Bochově pan prezident osobně pozval na diskusi.	top09,ods,media,opozice
717004019810623488	1459782054000	Paní učitelka Tykalová není schopna studentům odpovědět. Řešení je jednoduché. Prosím její studenty - zašlete svůj dotaz na můj mail!	lucie tykalova,akademici
716677856936534018	1459704290000	TOP 09 už podpořila neonacisty z praporu Azov, podpora zabijáků z praporu Ajdar tedy nepřekvapuje: https://t.co/FeJE8e6rum	jaromir stetina,top09
716649335132389376	1459697490000	Pan premiér už získal podporu TOP 09, nyní i ODS: https://t.co/4wlkObpX6e	bohuslav sobotka,top09,ods,opozice
716557094292496385	1459675498000	Fanatičtí antizemanovci, kteří stále sní o Karlovi na Hradě, jen vyměnili červené karty za tibetské vlajky. O lidská práva jim vůbec nejde.	opozice,aktivisti
716556583178747904	1459675377000	Pokrytectví a účelovost jednání českých "aktivistů" odhaluje video v článku: https://t.co/OCeAovqnIg	opozice,aktivisti
715859282546335744	1459509127000	Nebohý čestný předseda TOP 09. Už je toto mu zůstalo... https://t.co/fL0oWbp4tU	top09,miroslav kalousek,karel schwarzenberg,opozice
715068824664588288	1459320667000	Po aktivu známého bojovníka za lidská práva M. Kalouska si ideová úderka uspořádala ve 2 hod. ráno promítání. Nedůležité a nezajímavé.	miroslav kalousek,opozice,top09
715055524551766016	1459317496000	Vrchol aktivistických novinářských orgií je zde. Podle P. Zídka z LN není největším nebezpečím pro Západ tzv. Islámský stát, ale Čína.	petr zidek,lidove noviny,lidovky.cz,media
714852935218425857	1459269195000	TOP 09 pořádá v Loretánské ul. předvolební mítink za účasti všech svých voličů. Policie postupuje profesionálně a nenechává se vyprovokovat.	top09,opozice
714430054802042880	1459168373000	Plnou politickou odpovědnost za řádění fašizující lůzy, která napadá Číňany v Praze, nese TOP 09.	top09,opozice,fasizace
714383789783457792	1459157342000	Pan prezident narovnal České republice páteř a vrátil zemi hrdost po smutném období lokajského čecháčkovského přikrčení v režii TOP 09.	top09,opozice
713835749855084544	1459026679000	Hrůza! USA! New York! Kde je Bursík? Kde Kalousek? A kde černá barva? https://t.co/ss0bDKjzXH	martin bursik,miroslav kalousek,usa,new york,opozice,tibet
713822039493251072	1459023411000	Fašizující čecháčci dělají ostudu v zahraničí u našich spojenců, kteří prezidenta ČLR vítali s úctou: https://t.co/2wtbvpvh9X	opozice,fasizace
713807769313419265	1459020008000	Pohádka o Mirkovi a ČLR, vzor 2012. EKONOM: Kalouskův známý Kuzmiak v Šanghaji přebírá funkci generálního konzula - https://t.co/g4EacxadJr	miroslav kalousek,michal kuzmiak,top09,opozice
713742131362402305	1459004359000	Rozdíl mezi A. B. Bartošem a těmi, kteří zneuctili standartu prezidenta republiky a státní vlajky v Praze = 0.	ztohoven,umelci,opozice
713652960870457344	1458983099000	Poškozování státních vlajek nás vrací do doby druhé republiky, tedy do doby, kdy řádili fašizující čecháčci.	top09,opozice,druha republika,fasizace
713652295070781440	1458982940000	Politickou a morální odpovědnost za vandalismus v Praze nese výhradně TOP 09, jejíž starosta Prahy 6 takové počínání posvětil.	top09,opozice
713435764651122689	1458931315000	Karel Schwarzenberg: My jsme nikdy, ani já, přes všechno přátelství s dalajlámou, neuznali tibetskou vládu v exilu.	karel schwarzenberg,top09,opozice
713314979756294144	1458902518000	Starosta Prahy 6 svými hysterickými výlevy dělá ostudu České republice. Extremizace TOP 09 pokročila.	top09,opozice,ondrej kolar
712620103502852096	1458736847000	Svět Pražské kavárny se hroutí: https://t.co/GxPjnmaDkV	prazska kavarna,opozice
712395749045174273	1458683356000	Zuřící Pražské kavárně připomínám návštěvu prez. ČLR ve Velké Británii: Na počest čínského hosta zazněla slavnostní dělostřelecká salva.	prazska kavarna,opozice
708396404511793152	1457729838000	Miroslav Kalousek byl vždy starý praktik. https://t.co/9nxf48ch3L	miroslav kalousek,top09,opozice
708268740002107392	1457699401000	TOP 09 pořádá den plný vzpomínek. Budiž tedy. Rok 2006: Kalousek je pro vládu s ČSSD tolerovanou komunisty - https://t.co/ATrkqnNfk4	top09,cssd,miroslav kalousek,opozice
707652310919471105	1457552433000	Možná společně vyhlásí fatvu panu prezidentovi: https://t.co/41hXFWfVrI	islam,andrew shapiro,alrawi,opozice
707333792445374467	1457476492000	E. Tabery jen projevil neznalost flexibilního vývoje názorů F. Peroutky. V roce 1938 psal o loajálním poměru k nacistickému Německu.	erik tabery,media,respekt,ferdinand peroutka
706880567569154048	1457368435000	Karel Schwarzenberg nemluví pravdu. V neděli byl Hrad otevřen veřejnosti, jako vždy. Areál Hradu navštívilo na 18 000 lidí.	top09,karel schwarzenberg
706566543384125440	1457293565000	Tato kampaň vytvořila ve společnosti takovou atmosféru, která pomohla právě panu Kotlebovi dostat se do parlamentu: https://t.co/OzWFs1kB0W	media,opozice
706439136106958848	1457263189000	Ubožáci, kteří stojí za touto akcí, si neuvědomují, že nejvíce uráží právě Ferdinanda Peroutku: https://t.co/vcN69XXzjl	ferdinand peroutka,umelci,opozice
705510262095400960	1457041728000	P.Dostál:Dokonce jsem se dočetl, že veliký český novinář Peroutka o Hitlerovi ve 30. letech řekl, že je to gentleman, že se určitě dohodnou.	pavel dostal,ferdinand peroutka
705444383894675457	1457026022000	3/3 Zároveň mohu ujistit - pan prezident si náhubek nasadit nenechá. Bude otevřeně hovořit o nebezpečí, které představuje migrační krize.	opozice,senat,senatori,migrace
705444302651047938	1457026002000	2/3 Ačkoliv je usnesení jen antizemanovským folklórem, dobrá zpráva pro senátory: Pan prezident společnost spojuje, má podporu 70 % občanů.	opozice,senat,senatori
705444229317861376	1457025985000	1/3 Pan prezident byl zvolen v přímé volbě občany naší země. Nikoliv senátory. Od občanů se odvíjí mandát pana prezidenta.	opozice,senat,senatori
705074319844577280	1456937792000	V roce 2013 režisér J. Látal veřejně vyzýval k volbě K. Schwarzenberga nebo J. Dienstbiera. Všichni tři dodnes prohru nerozdýchali.	jan latal,umelci,karel schwarzenberg,jiri dienstbier,opozice
705068051948052480	1456936297000	Dílo pana "režiséra" mi připomíná "vtipy" v protektorátním plátku Ejhle, které útočily na Jana Masaryka: https://t.co/Z4wgC2fx3h	jan latal,umelci
705065627950653440	1456935719000	Antizemanovcům došly argumenty, podporu veřejnosti nemají. Nasazují tedy angažované umělce a "odborníky", kteří otravují ovzduší v zemi.	umelci,opozice
705034471075143680	1456928291000	Po dnešku přibyla celá řada znalců Peroutkova díla: #kalousek #fiala #pospisil #zenisek #adamova #jurecka #dienstbier #dolejs #moravec	miroslav kalousek,pospisil,marek zenisek,adamova,jurecka,jiri dienstbier,dolejs,moravec,media,opozice,ferdinand peroutka
705011669064359936	1456922855000	Netušil jsem, že velekněz antizemanovské sekty M. Kalousek je nejen odborníkem v oblati ruských tajných služeb, ale též na dílo F. Peroutky.	ferdinand peroutka,soud,opozice,justice,miroslav kalousek
704989095408312320	1456917473000	Kauza Peroutka rozhodně nekončí. KPR v každém případě podá odvolání. Lze očekávat, že případ nakonec skončí u Ústavního soudu.	ferdinand peroutka,terezie kaslova,soud,opozice,justice
704978003453976576	1456914828000	2/2 Reakce odpůrců pana prezidenta? Peroutka je nezajímá, jen si chtějí "kopnout". Rád bych je upozornil, že toto není Státní soud.	ferdinand peroutka,terezie kaslova,soud,opozice,justice
704976022828142593	1456914356000	1/2 Prvoinstanční soud v "Kauze Peroutka" sleduji na on-line Blesk.cz. Můj čas, kdy se osobně u soudu vyjádřím, ještě přijde.	ferdinand peroutka,terezie kaslova,soud,opozice
703291354265358338	1456512700000	Pan ministr Zaorálek něco jiného říká panu prezidentovi a něco jiného médiím. Vyvolává to závažné otázky.	bohuslav sobotka,opozice,media
698926083199135744	1455471938000	Výrok současného příznivce pana premiéra jsem citoval už 18.11. 2015 ve vysílání České  televize: https://t.co/xki0GRFFZ7	bohuslav sobotka,opozice,cssd
698919645450018817	1455470403000	Pan prezident na F1 citoval výrok zastánce pana premiéra. Pan prezident skutečně nemůže za to, jak se příznivci pana premiéra vyjadřují.	bohuslav sobotka,opozice,cssd
696379675069833216	1454864827000	2/3 Ti první se nyní jistě zrůdně radují, jak to Klinice nandali, druzí teď budou útok paušálně zneužívat proti odpůrcům bezbřehé migrace.	klinika,migrace,neziskovky,opozice
696379374904438786	1454864755000	1/3 Dnes jsem uvedl k útoku na Kliniku: Je bezpodmínečně nutné téma migrace sebrat z rukou extremistů pravicových i levicových.	klinika,migrace,neziskovky,opozice
694105826714324992	1454322699000	Mýlka, válečnou sekeru vytáhl loni na podzim na podnět poradců pan premiér: https://t.co/ziYnDy4eEv	bohuslav sobotka,cssd,opozice
693862701689393154	1454264734000	Je mi líto, když takto vybudované dílo někteří neumětelové přivádějí do nižších pater politického vlivu: https://t.co/hHETZNoFfO	bohuslav sobotka,cssd,opozice
693816672420024320	1454253759000	3/3 Jestli někdo opustil levicové pozice, tak právě pan premiér, který opustil soc. dem. politiku směrem k pozicím bývalé Unie svobody.	bohuslav sobotka,opozice,cssd,respekt,economia,media,migrace
693816324397596672	1454253676000	2/3 Jestli někdo rozděluje společnost, tak je to pan premiér, který soustavně zostouzí ty, kteří poukazují na nebezpečí migrace.	bohuslav sobotka,opozice,cssd,respekt,economia,media,migrace
693816193145294848	1454253645000	1/3 V reakci na útoky pana premiéra na pana prezidenta v Respektu jsem dnes uvedl následujíci:	bohuslav sobotka,opozice,cssd,respekt,economia,media,migrace
693405657538695169	1454155766000	Unie je nyní tak trochu ve fázi Chamberlaina a Daladiera, ale možná se už na obzoru začínají objevovat De Gaulle nebo Churchill.	eu
692331543033946112	1453899677000	Málo politiků zachovalo chladnou hlavu. Zjistili, že Zeman nemluvil o Sobotkovi, ani k ničemu nikoho nevyzýval: https://t.co/2HoxDGToga	bohuslav sobotka,opozice,politici
692320794127515648	1453897114000	Povinná četba pro pana premiéra a Pražskou kavárnu: https://t.co/CJVI5AabvM	bohuslav sobotka,prazska kavarna,opozice
692013177211633666	1453823773000	V článku přepis části debaty v Tišnově, vyvrací hysterickou reakci pana premiéra: https://t.co/PAPzMmvM8U	media,opozice
691993897703047168	1453819176000	Ve Slavkově u Brna se na "kauzu" výroku pana prezidenta během debaty nezeptal jeden jediný občan. Hysterie tak náleží politikům a novinářům.	media,opozice,politici
689078474842214400	1453124085000	Britům je prostě Pražská kavárna cizí. Oceňují názory pana prezidenta: https://t.co/SCvI84QG7Y	prazska kavarna,opozice
671374267112660992	1448903073000	Důkaz místo slibů. Poradce p. premiéra O. Novotný: "V okolí pana premiéra o tom vedeme diskuse a toto je výsledek té naší kolektivní práce".	bohuslav sobotka,oto novotny,cssd,opozice
670543836167446528	1448705083000	S názory pana prezidenta na uprchlickou krizi podle průzkumu SANEP souhlasí 72,5 % lidí, s premiérem B. Sobotkou 35,5 %.	bohuslav sobotka,migrace
668923675509420032	1448318806000	Co na to Reportéři ČT?! Studentům z Brna zajistili kvůli "náhradnímu" 17.11. dva autobusy, jeden na přání primátora: https://t.co/K7zMG5cYmw	petr vokral,reporteri ct,media,ceska televize,studenti
668764143055425537	1448280771000	Lid je zdrojem veškeré státní moci, píše se v Ústavě České republiky. O elitě ani slovo.	elity,opozice
668685848397893632	1448262104000	Nové spojenectví. Premiér Sobotka, šéf muslimských obcí v ČR a Bakalův tisk otevřeně proti prezidentu republiky a slovenskému premiérovi.	bohuslav sobotka,zdenek bakala,media,economia
668485821092265985	1448214414000	Mám zahlcený mail žádostmi o odvolání premiéra B. Sobotky. Anonym, který zneužil mého jména na FB, netušil, jakou vyvolá občanskou aktivitu!	bohuslav sobotka,cssd,opozice,jiri ovcacek
668471258313564160	1448210942000	#koalicealbertov Omlouvám se Miroslavu Kalouskovi za zkomolení jména. Text jsem kopíroval z médií. https://t.co/N66stqZEmt	miroslav kalousek,media
668466922581835777	1448209908000	#koalicealbertov V davu tisíců lidí byl například Miloslav Kalousek nebo Jiří Dienstbier​.	miroslav kalousek,jiri dienstbier,cssd,top09
668417361368715264	1448198092000	A zde je máme, nebohé "studenty", kteří chtěli 17.11. za asistence ČT a s posvěcením akademiků položit kytičku: https://t.co/VliK66LIDI	opozice,akademici,studenti,media,ceska televize
668064122374905856	1448113873000	Sobotka vystřelil z pomyslného děla na Hrad. Tento ostrov svobodného myšlení má ale pevné zdi: https://t.co/E6bO7ZcA4W	bohuslav sobotka,premier,cssd,opozice,top09
667974359122886656	1448092472000	Pan premiér zbytečně chodil kolem horké kaše. Mohl sdělit rovnou, že jde o přátelství s TOP 09: https://t.co/vWpwabC4NU	bohuslav sobotka,premier,cssd,opozice,top09
667694431982772224	1448025732000	Toto jsem uvedl 25. září 2015. Jen jsem tehdy netušil, že se ke kampani přidá i pan premiér. https://t.co/TcvzoLEQGS	bohuslav sobotka,premier,cssd,opozice
667607001224974336	1448004887000	Premiér Bohuslav Sobotka si definitivně vybral: Není hlasem národa. Stal se hlasem médií.	bohuslav sobotka,premier,cssd,media,opozice
667083956551069697	1447880183000	V ČT jsem dnes uvedl, že ministr Dienstbier vstřícným postojem k migrantům ohrožuje bezpečnost ČR. https://t.co/oSE9PP3NvI	jiri dienstbier,opozice,migrace,cssd
666668978023084033	1447781245000	Ukázka "kultivovanosti" odpůrců pana prezidenta, oné "elity". Na Hradčanském náměstí skandování: Máme tvoje trenky! Máme tvoje trenky!	opozice,ztohoven,elity
666611279092674561	1447767488000	Pan prezident na Albertově: Hlas prezidenta republiky má být hlasem národa, ne hlasem médií.	media
664766021035810816	1447327544000	Soutěž TOP 09 pro příslušníky StB, kteří šmírovali na protirežimních demonstracích? https://t.co/67XINVWfnI	top09,opozice
664707506921410560	1447313593000	Miroslava Kalouska hledat netřeba. Adresa v 80. letech: Národní fronta, Čs. strana lidová. Adresa dnes: TOP 09. https://t.co/cvOGjoEroW	miroslav kalousek,top09,kdu-csl,opozice
664699030077890561	1447311572000	Věřím, že farář M. Vymětal uprchlíky v Drahonicích úporně přemlouvá, aby od hladovky upustili, nesebepoškozovali se a nenapadali ochranku.	mikulas vymetal,migrace,opozice
664495238115889153	1447262985000	3/3 Co kdyby příště pan ministr spěchal - a na I. nádvoří probíhalo přijetí zahraničního státníka s vojenskými poctami?!	herman
664495133543501825	1447262960000	2/3 Široká veřejnost takové opatření vždy respektuje. Zdá se však, že budeme muset vystavit speciální ministerské hradní VIP průkazy.	herman
664495071946022912	1447262945000	1/3 Pan ministr Herman je trošku nedůtklivý. Při velkých akcích je logicky část Hradu krátkodobě uzavřena.	herman
661858023653117952	1446634224000	Děti v Lanškrouně symbolicky vrátily panu prezidentovi standartu, kterou nedávno ukradli na Hradě "umělci". https://t.co/JlqhT8egRQ	prazska kavarna,opozice,umelci
661471302612606976	1446542022000	Co vadí na Facebooku? Snímky hrdinů Pražské kavárny - Pussy Riot. https://t.co/GuoVZ6ZLOA	prazska kavarna,opozice,pussy riot
661218384101711873	1446481722000	Diskuse pana prezidenta s občany obce Zámrsk. Přišlo na 280 lidí. První dotaz patřil dvěma "červenotrenýrkářům". https://t.co/Xcbc6nKZmp	prazska kavarna,opozice,ztohoven
660033334765047808	1446199184000	Pronést dvacetiminutový projev spatra by pro 99 procent českých politiků byl takový výkon, že by se skáceli přímo na pódiu.	opozice,prazska kavarna
659771892983820292	1446136851000	Politolog Kamil Švec tvrdí, že předchozí prezidenti měli vždy důvěru cca 70%. Fakta-V. Havel r. 98-03 měl 40 až 60%: https://t.co/69ZfAKB29O	kamil svec,vaclav havel,media,opozice
659396412971614208	1446047330000	Pan prezident uctil památku T. G. M. Uřvanci z Pražské kavárny ostudně povykovali i při státní hymně. https://t.co/PKG9j2iuA0	prazska kavarna,opozice,fasizace,cervene trenky,umelci
657091185362739200	1445497721000	V neděli od 11 hod. vystoupí pan prezident na Blesk.cz v pořadu "S prezidentem v Lánech". A co na to Ztohoven? https://t.co/maUNw2aqve	prazska kavarna,opozice,fasizace,ztohoven,cervene trenky,umelci
655688648818597888	1445163330000	Svobodný prostor v praxi. Pro vstup do tohoto prostoru stačí zmínit Pražskou kavárnu, uprchlíky a F. Peroutku. http://t.co/4OOW9CAy1Z	prazska kavarna,opozice,ferdinand peroutka,migrace
655664930125950976	1445157675000	Pražská kavárna po mých včerejších kritických výrocích vyřadila na nějaký čas z provozu můj facebookový profil. http://t.co/ZkSMaeXTJp	prazska kavarna,opozice
655401291934507010	1445094819000	F. Peroutka byl proti přijímání uprchlíků. Řečník pražské demonstrace na podporu uprchlíků se dnes zaštiťoval právě F. Peroutkou...	prazska kavarna,opozice,ferdinand peroutka,migrace
655039033165357057	1445008450000	Pro Konsorcium nevládních organizací a spřízněného ministra Dienstbiera: http://t.co/Ys3MuCXdpw	jiri dienstbier,neziskovky,cssd
651621258002567172	1444193589000	Pražští novináři přestřelili. Namlouvají veřejnosti, že demokratická ČSR cenzurovala článek F. Peroutky kvůli tomu, že kritizoval Hitlera.	media,ferdinand peroutka
649203082732154880	1443617051000	První dojem po návratu z USA? Kontrast mezi svobodnou zemí a intolerantním a zideologizovaným světem Pražské kavárny je do očí bijící.	prazska kavarna,opozice
648812926753742848	1443524030000	K pohoršení nad návštěvou ruské restaurace v NY: Nevěděli jsme, že v pražských redakcích existuje seznam zakázaných míst v USA!	media,novinari
647649063752609792	1443246544000	Škoda, kterou způsobili daňovým poplatníkům exkremisté ze Ztohoven, byla vyčíslena na takřka 100 000 Kč.	prazska kavarna,opozice,fasizace,ztohoven,cervene trenky,umelci
646316364995653633	1442928804000	Frýdek-Místek. Na 3000 občanů přišlo na debatu s panem prezidentem. Facka Pražské kavárně. http://t.co/MSbE1vYgGQ	prazska kavarna,opozice
645501838687649796	1442734605000	Hrad pošpinili 15.3.39 vlajkou nacisté. Pak už se toho nikdo neodvážil, ani sovětští okupanti. Až nyní vandalové vydávající se za umělce.	prazska kavarna,opozice,fasizace,ztohoven,cervene trenky,umelci
645396226276524032	1442709425000	Do včera jediné období, kdy na Hradě nebyla trvale vyvěšena jen Vlajka prezidenta republiky. Za okupace nacisty: http://t.co/aDMjQDTequ	prazska kavarna,opozice,fasizace,ztohoven,cervene trenky,umelci
645380224671199232	1442705610000	Pražská kavárna se fašizuje. Už se neštítí zneuctění státních symbolů a Hradu českých králů, československých a českých prezidentů.	prazska kavarna,opozice,fasizace,ztohoven,cervene trenky,umelci
615567483181903873	1435597699000	Další žertéře na téma článek F. Peroutky varuji, že vzhledem ke znalostem dobových reálií se mnou tak lehkou práci jako s P-10 mít nebudou.	ferdinand peroutka,druha republika,terezie kaslova
614382479802269696	1435315172000	Diskuse v Havlíčkově Brodě. Poprvé za tři dny se dostavilo i pár červenokaretníků. http://t.co/fRCTnF2w8p	prazska kavarna,opozice
605337566162862080	1433158697000	Je šokující, kam až může "kavárna" klesnout: http://t.co/G73v01czix	prazska kavarna,opozice
603950349595082752	1432827958000	Výsledek schůzky na Hradě: pan prezident tři profesory z mimořádně závažných důvodů nejmenuje. Více za chvíli na hrad.cz.	jiri fajt,jan eichler,akademici,vysoke skoly,ivan ostadal
601312297856950272	1432198998000	Další z kontroverzních článků F. Peroutky, Ano, vyšetřit!, 23.11.1938, Přítomnost, období druhé republiky. https://t.co/O9OgsTrgUW	ferdinand peroutka,druha republika
600944658810822656	1432111346000	Další z kontroverzních článků F. Peroutky, Čím je nám Národní souručenství?, 23. 7. 1939, Lidové noviny. http://t.co/yg8ZRvmfOw	ferdinand peroutka,druha republika
599159772567445504	1431685796000	Nový poměr k Německu,29.12.38: V loyálním styku s německou říší chceme pracovati pro další život svého národa na prostoru, který nám zůstal.	nemecko
599154533814665216	1431684547000	K Idealiste.cz: Výrok je až z 60. let. Ve 30. letech se názor F. Peroutky na Německo vyvíjel až k volání po dobrém poměru k Třetí říši.	idealiste.cz,ferdinand peroutka,druha republika
595646962038349824	1430848276000	Závažné důvody: U doc. Fajta informace týkající se KB -viz MfD. U doc. Eichlera působení v propagandě ČSLA. U doc. Ošťádala kontakty na StB.	jiri fajt,jan eichler,akademici,vysoke skoly,ivan ostadal
593704705714425856	1430385206000	Brandýs nad Labem. Debata pana prezidenta s občany. Zhruba 900 účastníků, červenokaretníci v jasné menšině. http://t.co/0mRX27g6Kp	cervena karta,opozice,prazska kavarna
593702815597486080	1430384756000	Další z kontroverzních článků F. Peroutky, Naše ústava, 5.4.39, krátce po okupaci.  http://t.co/AmO3lwNu0P	ferdinand peroutka,druha republika
593419779052052480	1430317275000	Ano, plně souhlasím. Proto jsou články F. Peroutky zveřejňovány celé. Kéž by se jeho slovy řídila i současná média!   http://t.co/TexwlIV2g6	ferdinand peroutka,druha republika,media
593350636915265536	1430300790000	Další z kontroverzních článků F. Peroutky, Ani - ani, 30.7.1939, LN, protektorát.                                     http://t.co/dfrLfwK5Bp	ferdinand peroutka,druha republika
592990367022260225	1430214895000	Další z kontroverzních článků F. Peroutky, Nový poměr k Německu, Přítomnost 29. 12. 1938:                         http://t.co/58Di6RfeQZ	ferdinand peroutka,druha republika
592720912652316675	1430150652000	Pan Groman účelově vytrhává věci z kontextu. F. Peroutka vydal článek o Hitlerovi 26.4.39. Zatčen nebyl. Psal dál, viz článek z 27.8.39.	ferdinand peroutka,druha republika,martin groman
592601708297121792	1430122231000	Další kontroverzní článek F. Peroutky, Dynamický život, 26. dubna 1939, krátce po okupaci ČSR nacisty:       http://t.co/406N8QoQqU	ferdinand peroutka,druha republika,terezie kaslova
590504349371105280	1429622182000	Je zcela zřejmé, a též zarážející, že zveřejňování kontroverzních článků F. Peroutky urychlilo podání žaloby.	ferdinand peroutka,druha republika,terezie kaslova
590447882202931201	1429608719000	Druhý z kontroverzních článků F. Peroutky, Povinnost je jasná, 27. 8. 1939.   https://t.co/PI4D3OaYy5	ferdinand peroutka,druha republika,terezie kaslova
590095124387991552	1429524615000	První z kontroverzních článků F. Peroutky, Češi, Němci a židé, 22. února 1939. Je zařazen do dobového kontextu.  https://t.co/DKEAbElUMp	ferdinand peroutka,druha republika,terezie kaslova
587670517534031873	1428946544000	Příští týden začneme postupně zveřejňovat kontroverzní články F. Peroutky z druhé republiky a počátku protektorátu.	ferdinand peroutka,druha republika,terezie kaslova
578930460472041472	1426862752000	Pan prezident se v dubnu setká s papežem. Tajemný vysoce postavený zdroj ČTK z církevní kruhů, žel, nedbá slov Písma: Jakub 3, 14.	ctk,cirkev,media
573882311374061568	1425659179000	Je treba velmi durazne Ceske televizi pripomenout, že v demokraticke a svobodne spolecnosti neni nikdo nekritizovatelny.	ceska televize,media
570116193656430592	1424761267000	Pražská kavárna v antizemanovském zápalu rehabilitovala dr. Husáka a spol. Kdo je další na řadě?	prazska kavarna